model,best_params,cv_r2,train_r2,test_r2,test_rmse,test_mae
LinearRegression,{},0.8664332616940963,0.8743172040139593,0.8804332983749565,5.393993869732841,4.21476314247485
SVR,"{'C': 1, 'kernel': 'linear'}",0.8655847916704443,0.8725533767998053,0.880504250011086,5.39239321721834,4.242865929460232
GradientBoostingRegressor,"{'learning_rate': 0.05, 'n_estimators': 128, 'subsample': 0.75}",0.8497877980993046,0.8951231047823879,0.8756941849825046,5.499852555937596,4.24388488533507
CatBoostRegressor,"{'depth': 6, 'iterations': 100, 'learning_rate': 0.1}",0.8489734213772775,0.9071223853509314,0.8613734525258083,5.808025676586997,4.4590342624221435
RandomForestRegressor,{'n_estimators': 256},0.8312342476084381,0.977214748335581,0.8514856178096122,6.011593144849164,4.665003255208334
AdaBoostRegressor,"{'learning_rate': 0.5, 'n_estimators': 128}",0.8257130580784526,0.8505029729882291,0.8502211806887874,6.037129967549114,4.694929831660025
XGBRegressor,"{'learning_rate': 0.05, 'n_estimators': 64}",0.8247841494191857,0.9287495013467192,0.8492434722253639,6.056802147852899,4.662501173019409
DecisionTreeRegressor,{'criterion': 'poisson'},0.7114138629727016,0.9996534669718089,0.7543133348456306,7.732076047220436,6.195
KNeighborsRegressor,"{'n_neighbors': 11, 'weights': 'distance'}",0.6089458068281599,0.9996534669717564,0.5807293396122915,10.100725303941712,7.9614923095773
